{"cameraMode":{"drawMode":0,"name":"Shaded","section":"Shading Mode"},"sceneLighting":false,"audioPlay":false,"sceneViewState":{"m_AlwaysRefresh":false,"showFog":true,"showSkybox":true,"showFlares":true,"showImageEffects":true,"showParticleSystems":true,"showVisualEffectGraphs":true,"m_FxEnabled":true},"in2DMode":false,"pivot":{"x":3.1047563552856447,"y":13.469097137451172,"z":-26.516719818115236},"rotation":{"x":0.20926877856254579,"y":-0.023457761853933336,"z":0.005039831157773733,"w":0.9775187969207764},"size":1.5773320198059083,"orthographic":false}